rouge-1,rouge-2,rouge-l
0.28632521576297526,0.06104691575718526,0.25831273257641435
0.24462046386633537,0.05247704611160364,0.2206276616147011
0.25850372742149985,0.05544804659567699,0.23320106404364163
