rouge-1,rouge-2,rouge-l
0.2869638335514184,0.052282144206017026,0.26070280272931534
0.17280415773897126,0.028837571218752998,0.15684748381034302
0.20902422803318552,0.03587598940076555,0.1898487330413802
